SaleID,Date,ProductID,UnitsSold,Revenue
SAL-0001,2025-04-13,PROD-03,9,460.97912640930656
SAL-0002,2025-12-15,PROD-03,1,325.6580607551686
SAL-0003,2025-09-28,PROD-01,1,443.1643670598553
SAL-0004,2025-04-17,PROD-02,1,375.7878749597422
SAL-0005,2025-03-13,PROD-02,3,104.2512873816606
SAL-0006,2025-07-08,PROD-05,6,456.1039882786288
SAL-0007,2025-01-21,PROD-02,3,79.8997299600987
SAL-0008,2025-04-13,PROD-04,8,290.2853626464937
SAL-0009,2025-05-02,PROD-02,2,113.96170570705596
SAL-0010,2025-08-03,PROD-05,9,55.26797482890683
SAL-0011,2025-11-27,PROD-02,3,239.91541705743757
SAL-0012,2025-03-29,PROD-04,5,182.76831844437032
SAL-0013,2025-04-10,PROD-01,8,268.70022220892133
SAL-0014,2025-12-26,PROD-05,2,309.73994903054785
SAL-0015,2025-06-01,PROD-01,6,69.68258253902631
SAL-0016,2025-05-11,PROD-01,5,105.35148280568554
SAL-0017,2025-05-30,PROD-01,9,301.38907840269144
SAL-0018,2025-11-05,PROD-03,5,204.4253089276962
SAL-0019,2025-09-15,PROD-03,2,378.1280693972516
SAL-0020,2025-12-10,PROD-01,5,343.53124186637285
SAL-0021,2025-10-21,PROD-05,4,430.52196334545806
SAL-0022,2025-07-11,PROD-04,7,361.6217720011514
SAL-0023,2025-10-04,PROD-04,6,243.46898482556665
SAL-0024,2025-06-10,PROD-02,2,352.83498007749455
SAL-0025,2025-11-10,PROD-05,5,173.92152841493834
SAL-0026,2025-01-22,PROD-03,7,187.8410744501957
SAL-0027,2025-09-10,PROD-01,7,405.043321964357
SAL-0028,2025-08-24,PROD-02,5,250.88878238071197
SAL-0029,2025-12-11,PROD-04,9,409.27115323325864
SAL-0030,2025-02-18,PROD-03,4,420.0900681507253
SAL-0031,2025-02-28,PROD-03,3,435.9030519475777
SAL-0032,2025-06-19,PROD-01,4,462.4858561285433
SAL-0033,2025-07-07,PROD-04,5,243.9433492309833
SAL-0034,2025-09-28,PROD-05,6,193.49006824451249
SAL-0035,2025-07-09,PROD-03,3,311.98943596735126
SAL-0036,2025-06-24,PROD-01,2,217.0275905469324
SAL-0037,2025-02-20,PROD-05,4,320.48337506010483
SAL-0038,2025-12-30,PROD-04,5,367.51363818972106
SAL-0039,2025-02-24,PROD-03,4,359.7822583214616
SAL-0040,2025-09-01,PROD-05,3,218.5487991590546
SAL-0041,2025-11-16,PROD-05,8,125.08709076443877
SAL-0042,2025-05-11,PROD-05,4,243.7382023079934
SAL-0043,2025-11-03,PROD-03,2,114.16736483685894
SAL-0044,2025-05-15,PROD-03,2,450.54366583271377
SAL-0045,2025-01-21,PROD-02,1,205.64485733203583
SAL-0046,2025-11-25,PROD-04,4,119.5068862504957
SAL-0047,2025-06-16,PROD-01,9,61.45149195758789
SAL-0048,2025-10-01,PROD-05,7,340.6200738289179
SAL-0049,2025-03-30,PROD-02,7,336.60604285463444
SAL-0050,2025-11-12,PROD-01,7,203.27187496158126
SAL-0051,2025-01-14,PROD-02,8,82.27034998144296
SAL-0052,2025-08-30,PROD-03,1,234.3330027028544
SAL-0053,2025-09-22,PROD-05,8,190.0478727785271
SAL-0054,2025-12-12,PROD-01,4,354.70428788075424
SAL-0055,2025-02-22,PROD-01,4,322.60066225371065
SAL-0056,2025-12-06,PROD-01,4,214.067177688893
SAL-0057,2025-04-02,PROD-01,6,148.05164941474555
SAL-0058,2025-09-21,PROD-01,7,494.61618477001633
SAL-0059,2025-02-04,PROD-02,6,254.3007295382517
SAL-0060,2025-07-25,PROD-05,1,359.72340610110666
SAL-0061,2025-03-22,PROD-03,8,113.24883541026236
SAL-0062,2025-02-19,PROD-03,7,268.51536484672897
SAL-0063,2025-12-26,PROD-03,6,62.39152394125947
SAL-0064,2025-01-02,PROD-03,6,277.4548030597025
SAL-0065,2025-02-23,PROD-02,5,483.80783320296604
SAL-0066,2025-04-16,PROD-04,6,222.8930208436101
SAL-0067,2025-09-17,PROD-05,9,67.54820565871022
SAL-0068,2025-11-06,PROD-01,9,63.93010591370459
SAL-0069,2025-07-10,PROD-04,8,224.59404197609126
SAL-0070,2025-08-06,PROD-03,9,122.01122140843732
SAL-0071,2025-02-13,PROD-04,8,60.50844334768366
SAL-0072,2025-06-11,PROD-05,8,390.29612627757956
SAL-0073,2025-07-21,PROD-01,1,256.3353539968508
SAL-0074,2025-09-27,PROD-01,5,180.16014738769454
SAL-0075,2025-12-17,PROD-05,4,455.0374323574163
SAL-0076,2025-10-31,PROD-05,2,102.26253209023653
SAL-0077,2025-09-28,PROD-03,8,480.1634730298936
SAL-0078,2025-08-03,PROD-01,3,191.28502281980877
SAL-0079,2025-09-09,PROD-04,4,449.78165253890654
SAL-0080,2025-07-09,PROD-02,7,321.3242944157577
SAL-0081,2025-10-23,PROD-02,9,422.01831188366936
SAL-0082,2025-08-01,PROD-05,2,492.8059234447089
SAL-0083,2025-07-27,PROD-03,3,179.78244701843556
SAL-0084,2025-08-25,PROD-02,4,482.51096843341685
SAL-0085,2025-12-04,PROD-01,1,225.26685270608917
SAL-0086,2025-02-22,PROD-05,7,223.48035713161505
SAL-0087,2025-10-07,PROD-04,2,203.17419691452756
SAL-0088,2025-08-05,PROD-05,5,293.6334233064133
SAL-0089,2025-09-09,PROD-04,1,119.36526943031919
SAL-0090,2025-07-07,PROD-05,3,299.170168411105
SAL-0091,2025-02-10,PROD-05,2,293.7671655845018
SAL-0092,2025-06-06,PROD-05,1,392.8558156721915
SAL-0093,2025-01-15,PROD-04,7,425.1424828719135
SAL-0094,2025-10-28,PROD-04,5,248.1986076405908
SAL-0095,2025-03-06,PROD-05,1,186.0499622081722
SAL-0096,2025-12-11,PROD-02,6,166.7007037926925
SAL-0097,2025-11-23,PROD-03,5,137.58072651719237
SAL-0098,2025-01-09,PROD-03,3,75.9414119895612
SAL-0099,2025-12-10,PROD-03,7,204.101590475621
SAL-0100,2025-05-09,PROD-04,9,171.61146145885246
SAL-0101,2025-05-16,PROD-04,9,484.8878236398833
SAL-0102,2025-03-04,PROD-02,9,300.9689718125197
SAL-0103,2025-05-19,PROD-03,2,206.2746675637284
SAL-0104,2025-03-22,PROD-03,3,311.2104204471632
SAL-0105,2025-06-12,PROD-05,7,112.63851560556299
SAL-0106,2025-10-16,PROD-04,5,249.8196871409913
SAL-0107,2025-09-18,PROD-03,2,331.8054446394787
SAL-0108,2025-08-19,PROD-02,3,270.0040243066031
SAL-0109,2025-02-10,PROD-02,6,230.8004602944459
SAL-0110,2025-01-28,PROD-03,7,497.2317750048642
SAL-0111,2025-05-15,PROD-04,9,446.14164296701716
SAL-0112,2025-07-20,PROD-02,1,330.53268117174804
SAL-0113,2025-11-24,PROD-05,7,306.2198125320272
SAL-0114,2025-09-25,PROD-02,8,329.29721592106284
SAL-0115,2025-02-02,PROD-01,3,140.59044852009498
SAL-0116,2025-02-17,PROD-01,4,227.81198446894336
SAL-0117,2025-03-03,PROD-04,6,67.7567898009047
SAL-0118,2025-08-04,PROD-03,7,263.995716869072
SAL-0119,2025-10-20,PROD-04,4,294.36106278094843
SAL-0120,2025-04-09,PROD-04,8,152.48738124644433
SAL-0121,2025-06-21,PROD-04,5,483.8129812244812
SAL-0122,2025-12-26,PROD-04,1,459.2545749217589
SAL-0123,2025-08-02,PROD-05,4,374.96445595515763
SAL-0124,2025-02-04,PROD-05,3,290.02398294441315
SAL-0125,2025-08-15,PROD-02,9,441.4861218414582
SAL-0126,2025-04-11,PROD-01,8,108.79355472055832
SAL-0127,2025-05-11,PROD-04,1,405.72940742369826
SAL-0128,2025-09-14,PROD-02,6,106.16936628508174
SAL-0129,2025-01-05,PROD-01,9,407.39479814723245
SAL-0130,2025-08-06,PROD-03,7,174.0954057131106
SAL-0131,2025-09-12,PROD-05,4,444.690761458185
SAL-0132,2025-12-25,PROD-01,1,474.81894222142904
SAL-0133,2025-10-10,PROD-03,2,116.95818623230204
SAL-0134,2025-07-26,PROD-01,5,258.2040222794271
SAL-0135,2025-01-15,PROD-05,5,491.4443201732083
SAL-0136,2025-12-12,PROD-05,8,267.533346187916
SAL-0137,2025-02-11,PROD-02,6,438.59638513154533
SAL-0138,2025-06-28,PROD-04,8,314.92918495909396
SAL-0139,2025-03-04,PROD-01,2,218.89845856382084
SAL-0140,2025-12-18,PROD-01,3,178.6025999866416
SAL-0141,2025-08-19,PROD-03,6,141.4503909887393
SAL-0142,2025-08-29,PROD-05,3,392.8091861199637
SAL-0143,2025-02-21,PROD-01,6,223.94322807036255
SAL-0144,2025-04-06,PROD-05,6,280.07395799033804
SAL-0145,2025-08-10,PROD-01,2,271.54646600053184
SAL-0146,2025-08-19,PROD-02,7,309.77556315490904
SAL-0147,2025-08-25,PROD-04,2,439.5097155310485
SAL-0148,2025-05-23,PROD-01,6,491.33270461254324
SAL-0149,2025-06-20,PROD-05,1,233.41289385821761
SAL-0150,2025-01-29,PROD-02,3,422.3835149478364
SAL-0151,2025-02-05,PROD-01,2,394.0375075946229
SAL-0152,2025-01-13,PROD-03,7,308.088028155008
SAL-0153,2025-06-09,PROD-04,4,480.2212146253699
SAL-0154,2025-11-23,PROD-01,8,140.21353198778127
SAL-0155,2025-07-06,PROD-02,6,99.16889463932964
SAL-0156,2025-08-31,PROD-03,4,434.28288512994
SAL-0157,2025-03-27,PROD-02,5,247.61741748518673
SAL-0158,2025-10-11,PROD-02,9,431.13598439317724
SAL-0159,2025-03-07,PROD-03,7,451.8905923379367
SAL-0160,2025-06-19,PROD-02,9,78.10591712858215
SAL-0161,2025-02-14,PROD-03,7,447.5591433437273
SAL-0162,2025-03-03,PROD-01,1,251.74357491624
SAL-0163,2025-05-14,PROD-03,8,279.6946200519045
SAL-0164,2025-10-11,PROD-03,4,331.9666299919446
SAL-0165,2025-01-28,PROD-04,3,466.87217302853907
SAL-0166,2025-04-18,PROD-03,7,58.60224249339382
SAL-0167,2025-02-13,PROD-03,3,264.5795607430177
SAL-0168,2025-12-06,PROD-01,8,359.4749190937523
SAL-0169,2025-10-13,PROD-04,6,375.2181309642028
SAL-0170,2025-11-27,PROD-05,5,361.63959419169856
SAL-0171,2025-05-08,PROD-01,4,110.49580823365483
SAL-0172,2025-12-14,PROD-01,8,184.72801476725655
SAL-0173,2025-08-19,PROD-05,8,211.42198643765605
SAL-0174,2025-07-09,PROD-03,1,411.9967434557772
SAL-0175,2025-08-13,PROD-02,9,175.44194258654886
SAL-0176,2025-10-10,PROD-04,5,144.81723374024142
SAL-0177,2025-05-01,PROD-02,4,480.8516085671433
SAL-0178,2025-04-26,PROD-05,6,53.98847830106101
SAL-0179,2025-08-21,PROD-01,6,499.0193850568902
SAL-0180,2025-09-16,PROD-01,2,354.56958448582805
SAL-0181,2025-12-25,PROD-04,8,422.8111847521027
SAL-0182,2025-07-17,PROD-01,7,182.57872835578692
SAL-0183,2025-05-17,PROD-01,1,56.44187495017699
SAL-0184,2025-11-14,PROD-04,5,382.04128335268854
SAL-0185,2025-06-14,PROD-04,6,425.3650686503041
SAL-0186,2025-08-13,PROD-05,4,383.2142593790836
SAL-0187,2025-11-03,PROD-01,2,114.28262928537737
SAL-0188,2025-08-22,PROD-01,4,389.0425650156361
SAL-0189,2025-06-21,PROD-05,1,396.01525194843845
SAL-0190,2025-06-01,PROD-03,7,346.3432320515247
SAL-0191,2025-11-11,PROD-03,2,394.7521697580138
SAL-0192,2025-06-09,PROD-03,2,430.6646478549795
SAL-0193,2025-04-06,PROD-05,9,326.1218514068563
SAL-0194,2025-08-21,PROD-01,5,89.87212128635558
SAL-0195,2025-06-29,PROD-05,2,269.4325143502449
SAL-0196,2025-04-23,PROD-05,9,84.94220060222227
SAL-0197,2025-11-14,PROD-03,9,233.39436396459388
SAL-0198,2025-02-21,PROD-02,1,233.19792010653242
SAL-0199,2025-09-25,PROD-01,3,79.70442986310871
SAL-0200,2025-10-22,PROD-03,4,206.9692402862657
SAL-0201,2025-04-23,PROD-02,7,99.94914445609167
SAL-0202,2025-04-11,PROD-02,4,413.70584450415
SAL-0203,2025-04-23,PROD-04,2,476.45961168401186
SAL-0204,2025-03-22,PROD-01,7,82.54241386607237
SAL-0205,2025-07-06,PROD-02,6,479.80184328126563
SAL-0206,2025-04-23,PROD-03,3,285.15946970153533
SAL-0207,2025-01-02,PROD-04,6,184.80455507924324
SAL-0208,2025-05-10,PROD-01,6,84.58793387427357
SAL-0209,2025-08-08,PROD-05,5,275.280920631688
SAL-0210,2025-02-23,PROD-03,4,407.5319950208369
SAL-0211,2025-12-09,PROD-02,1,368.18891477001415
SAL-0212,2025-08-12,PROD-02,6,72.60170515878819
SAL-0213,2025-08-13,PROD-03,2,82.80582591555658
SAL-0214,2025-05-06,PROD-02,3,231.2929771846867
SAL-0215,2025-05-10,PROD-04,8,182.88072232157447
SAL-0216,2025-02-22,PROD-01,6,154.57294537522154
SAL-0217,2025-06-21,PROD-04,3,176.4520245089211
SAL-0218,2025-08-06,PROD-02,7,411.5672344835981
SAL-0219,2025-06-09,PROD-05,4,468.15262413433425
SAL-0220,2025-07-17,PROD-01,9,232.2962125374049
SAL-0221,2025-09-04,PROD-01,5,457.7499509596237
SAL-0222,2025-11-20,PROD-03,3,194.67306556154688
SAL-0223,2025-07-22,PROD-03,2,264.3966438547062
SAL-0224,2025-07-03,PROD-05,2,151.71304901719986
SAL-0225,2025-05-03,PROD-01,3,338.2142189791298
SAL-0226,2025-09-12,PROD-05,2,490.541501828664
SAL-0227,2025-10-21,PROD-03,4,321.5718932195204
SAL-0228,2025-10-07,PROD-03,2,211.01633785109698
SAL-0229,2025-11-21,PROD-01,9,341.51785069573776
SAL-0230,2025-04-08,PROD-04,2,105.31430530942441
SAL-0231,2025-07-17,PROD-02,9,449.8965861194294
SAL-0232,2025-08-28,PROD-03,6,276.38777785092634
SAL-0233,2025-05-24,PROD-03,1,252.20738391783894
SAL-0234,2025-04-07,PROD-04,4,313.63915480408366
SAL-0235,2025-07-20,PROD-04,1,331.1527382552311
SAL-0236,2025-05-04,PROD-05,6,82.29911280193086
SAL-0237,2025-07-06,PROD-05,4,357.1777495505311
SAL-0238,2025-11-22,PROD-02,3,158.86925614198833
SAL-0239,2025-12-15,PROD-02,3,371.2786846279654
SAL-0240,2025-09-16,PROD-01,9,420.1406574728885
SAL-0241,2025-05-28,PROD-05,6,411.7813283986341
SAL-0242,2025-09-09,PROD-03,9,298.6254353335501
SAL-0243,2025-12-12,PROD-05,5,284.076451539838
SAL-0244,2025-05-27,PROD-03,2,114.29418260273528
SAL-0245,2025-05-28,PROD-04,8,398.905767681411
SAL-0246,2025-12-18,PROD-05,5,172.13422120102146
SAL-0247,2025-07-18,PROD-04,2,273.5129402680759
SAL-0248,2025-11-04,PROD-02,4,177.92334181738252
SAL-0249,2025-05-08,PROD-02,9,110.2227633498619
SAL-0250,2025-02-08,PROD-01,4,333.30096360128147
SAL-0251,2025-12-04,PROD-05,4,74.44941567030672
SAL-0252,2025-12-26,PROD-04,2,386.89035535679
SAL-0253,2025-05-09,PROD-03,6,192.9140578675025
SAL-0254,2025-09-24,PROD-02,2,50.0606118520184
SAL-0255,2025-05-31,PROD-02,7,280.0081126567534
SAL-0256,2025-10-25,PROD-03,3,71.0833588374214
SAL-0257,2025-04-09,PROD-04,3,174.27630101940474
SAL-0258,2025-09-20,PROD-04,5,368.1394193550723
SAL-0259,2025-09-09,PROD-05,3,78.21032972983964
SAL-0260,2025-05-24,PROD-05,2,427.702321560201
SAL-0261,2025-12-12,PROD-01,9,51.7189651963624
SAL-0262,2025-04-22,PROD-02,2,161.070741140856
SAL-0263,2025-03-01,PROD-05,2,383.40682526843216
SAL-0264,2025-01-02,PROD-04,8,192.32156737818806
SAL-0265,2025-10-31,PROD-03,9,95.85157462970608
SAL-0266,2025-09-11,PROD-04,7,212.10526346019253
SAL-0267,2025-05-20,PROD-02,3,171.6769788730365
SAL-0268,2025-02-06,PROD-04,9,429.2203559722497
SAL-0269,2025-06-09,PROD-01,3,191.0065629133144
SAL-0270,2025-01-09,PROD-02,5,405.01961229920323
SAL-0271,2025-08-21,PROD-03,9,451.3424651648306
SAL-0272,2025-04-09,PROD-01,3,245.2178388094383
SAL-0273,2025-05-27,PROD-02,7,459.4744147344764
SAL-0274,2025-10-31,PROD-03,1,219.79312428343678
SAL-0275,2025-07-27,PROD-01,4,483.8352874205487
SAL-0276,2025-05-11,PROD-01,4,90.18028603650782
SAL-0277,2025-06-01,PROD-02,7,359.15866992645925
SAL-0278,2025-02-23,PROD-05,8,272.2163182056179
SAL-0279,2025-04-30,PROD-01,1,224.44196245504116
SAL-0280,2025-06-10,PROD-01,5,334.7203454368704
SAL-0281,2025-04-26,PROD-03,7,366.73569123544905
SAL-0282,2025-03-16,PROD-04,4,51.96347134263909
SAL-0283,2025-04-23,PROD-02,4,125.12888993623942
SAL-0284,2025-04-14,PROD-02,4,370.87072278544343
SAL-0285,2025-12-06,PROD-05,6,349.8734361101929
SAL-0286,2025-09-11,PROD-05,7,484.72137730790473
SAL-0287,2025-08-15,PROD-02,2,392.46700561285235
SAL-0288,2025-04-22,PROD-05,5,477.8477184791021
SAL-0289,2025-04-09,PROD-03,4,366.14322569066314
SAL-0290,2025-06-02,PROD-02,3,184.12349388774942
SAL-0291,2025-12-15,PROD-05,7,97.41421501288542
SAL-0292,2025-12-04,PROD-02,6,401.820738505221
SAL-0293,2025-07-13,PROD-04,7,339.8671496641622
SAL-0294,2025-11-06,PROD-01,5,71.6837055769833
SAL-0295,2025-06-12,PROD-02,6,212.02270965544025
SAL-0296,2025-07-27,PROD-01,5,480.55991696792876
SAL-0297,2025-06-18,PROD-05,7,275.1805155695905
SAL-0298,2025-06-10,PROD-01,2,244.7281112088671
SAL-0299,2025-03-09,PROD-02,5,255.96482232168228
SAL-0300,2025-10-16,PROD-04,6,143.99722580232367
SAL-0301,2025-10-04,PROD-05,6,215.91822688915784
SAL-0302,2025-10-31,PROD-02,5,216.41596519422947
SAL-0303,2025-05-15,PROD-05,7,73.55975908436258
SAL-0304,2025-07-14,PROD-03,8,395.40543283306323
SAL-0305,2025-05-08,PROD-01,7,237.42699435674555
SAL-0306,2025-02-02,PROD-03,5,419.9809490673905
SAL-0307,2025-06-25,PROD-02,1,432.6566005039529
SAL-0308,2025-01-22,PROD-04,5,145.39732461439613
SAL-0309,2025-08-26,PROD-05,2,345.80906697655786
SAL-0310,2025-06-07,PROD-01,5,262.5268118733418
SAL-0311,2025-02-07,PROD-05,5,446.07053206466827
SAL-0312,2025-08-18,PROD-02,2,147.08330562940435
SAL-0313,2025-12-31,PROD-05,5,355.0159401395199
SAL-0314,2025-02-20,PROD-01,4,323.4884550137252
SAL-0315,2025-09-21,PROD-02,1,182.88566490732475
SAL-0316,2025-10-10,PROD-05,3,111.47040664302767
SAL-0317,2025-01-27,PROD-04,1,343.23789221477443
SAL-0318,2025-08-14,PROD-02,5,382.3688561595488
SAL-0319,2025-10-04,PROD-02,4,192.0323046935075
SAL-0320,2025-10-13,PROD-04,7,340.1746718100412
SAL-0321,2025-04-07,PROD-03,5,227.80890842517647
SAL-0322,2025-10-11,PROD-01,4,370.94309747717796
SAL-0323,2025-11-13,PROD-03,2,139.6468737023239
SAL-0324,2025-10-31,PROD-05,4,450.5967511862785
SAL-0325,2025-05-27,PROD-04,2,179.33431840951087
SAL-0326,2025-01-04,PROD-03,8,215.5036944902688
SAL-0327,2025-02-04,PROD-02,3,76.1413784361574
SAL-0328,2025-07-11,PROD-05,9,100.18049554457437
SAL-0329,2025-02-18,PROD-05,4,282.13785622054763
SAL-0330,2025-01-17,PROD-03,6,170.41670452758717
SAL-0331,2025-06-21,PROD-03,5,425.9661015839875
SAL-0332,2025-08-08,PROD-04,1,56.61202489472923
SAL-0333,2025-06-07,PROD-01,9,220.59232190237128
SAL-0334,2025-02-15,PROD-03,1,201.8054960460917
SAL-0335,2025-01-06,PROD-03,8,58.69743391292047
SAL-0336,2025-04-09,PROD-02,9,105.9657795502296
SAL-0337,2025-08-21,PROD-05,9,236.13920371338588
SAL-0338,2025-02-06,PROD-01,1,271.789063001351
SAL-0339,2025-10-07,PROD-02,2,231.9303862646911
SAL-0340,2025-12-15,PROD-04,1,288.9219552854422
SAL-0341,2025-10-29,PROD-04,2,317.8092537075567
SAL-0342,2025-06-30,PROD-03,8,54.46571950752603
SAL-0343,2025-04-05,PROD-03,5,258.84282175407674
SAL-0344,2025-04-09,PROD-04,7,483.5746583994147
SAL-0345,2025-07-07,PROD-03,2,283.5645260582969
SAL-0346,2025-04-26,PROD-01,8,354.8940203565289
SAL-0347,2025-07-10,PROD-03,6,190.33873606259743
SAL-0348,2025-09-10,PROD-05,8,398.29612016874313
SAL-0349,2025-06-10,PROD-03,1,397.8146668442518
SAL-0350,2025-09-13,PROD-02,1,284.5832214443625
SAL-0351,2025-11-19,PROD-01,7,489.2062204756461
SAL-0352,2025-05-08,PROD-02,8,106.49759664319402
SAL-0353,2025-01-18,PROD-02,3,57.62644920031145
SAL-0354,2025-10-08,PROD-05,5,396.5711952906932
SAL-0355,2025-08-11,PROD-01,1,413.21999181419716
SAL-0356,2025-02-23,PROD-01,7,104.0932531042593
SAL-0357,2025-02-27,PROD-01,5,169.51227483137274
SAL-0358,2025-11-19,PROD-01,8,57.89856351498301
SAL-0359,2025-12-26,PROD-01,8,181.9888748512541
SAL-0360,2025-06-23,PROD-05,9,397.91384326340216
SAL-0361,2025-10-07,PROD-03,7,283.0822374706605
SAL-0362,2025-04-24,PROD-02,1,206.64301692572963
SAL-0363,2025-10-15,PROD-01,3,217.28268270784864
SAL-0364,2025-12-08,PROD-03,8,50.60913157196067
SAL-0365,2025-05-31,PROD-03,3,184.91023740435617
SAL-0366,2025-05-07,PROD-02,8,340.9064337370687
SAL-0367,2025-06-04,PROD-05,1,488.3874997173607
SAL-0368,2025-09-30,PROD-04,5,431.1773721427548
SAL-0369,2025-04-14,PROD-04,4,60.617734090488106
SAL-0370,2025-10-26,PROD-03,5,454.3522721036777
SAL-0371,2025-09-03,PROD-02,8,402.4392859843817
SAL-0372,2025-06-25,PROD-04,4,401.1692556069412
SAL-0373,2025-02-08,PROD-03,4,256.0980915516071
SAL-0374,2025-06-19,PROD-05,3,229.10238182952628
SAL-0375,2025-09-04,PROD-04,7,186.31207797493667
SAL-0376,2025-01-26,PROD-03,3,79.5626865294646
SAL-0377,2025-12-21,PROD-03,3,152.7059135721646
SAL-0378,2025-11-02,PROD-01,5,160.97163574011108
SAL-0379,2025-01-13,PROD-05,5,267.8346813695907
SAL-0380,2025-11-12,PROD-01,6,386.3499829685123
SAL-0381,2025-11-09,PROD-02,8,263.21442277907596
SAL-0382,2025-02-05,PROD-01,6,76.03000225122227
SAL-0383,2025-06-22,PROD-01,1,481.00541044469173
SAL-0384,2025-01-20,PROD-04,8,474.2259435923505
SAL-0385,2025-11-17,PROD-03,8,403.33529441678377
SAL-0386,2025-09-21,PROD-05,9,496.0975557038993
SAL-0387,2025-05-22,PROD-01,9,295.0170497601183
SAL-0388,2025-05-23,PROD-05,2,483.2457576139427
SAL-0389,2025-04-02,PROD-01,2,84.02226827753785
SAL-0390,2025-12-20,PROD-02,3,214.55633671761709
SAL-0391,2025-11-18,PROD-01,1,151.42157060304464
SAL-0392,2025-10-15,PROD-04,4,138.1248878604215
SAL-0393,2025-08-03,PROD-03,4,113.36132700170424
SAL-0394,2025-12-08,PROD-02,9,330.0861387046985
SAL-0395,2025-02-20,PROD-01,9,401.5948350862873
SAL-0396,2025-06-02,PROD-05,9,310.2342797391623
SAL-0397,2025-07-05,PROD-02,7,116.13321931469436
SAL-0398,2025-03-04,PROD-02,2,415.00569647006193
SAL-0399,2025-07-09,PROD-01,5,336.17961822367783
SAL-0400,2025-05-05,PROD-02,4,224.674567757148
SAL-0401,2025-05-30,PROD-05,8,353.3586329912283
SAL-0402,2025-11-10,PROD-02,2,166.95724065927476
SAL-0403,2025-02-27,PROD-05,6,205.33649382239471
SAL-0404,2025-12-08,PROD-01,5,462.8686294093956
SAL-0405,2025-11-01,PROD-03,2,180.72702755213916
SAL-0406,2025-06-29,PROD-02,1,261.4947206710715
SAL-0407,2025-06-19,PROD-03,8,450.5635118282066
SAL-0408,2025-11-22,PROD-05,2,368.47460762038736
SAL-0409,2025-09-28,PROD-02,7,77.99145177411624
SAL-0410,2025-02-23,PROD-04,9,116.28636992553665
SAL-0411,2025-04-11,PROD-03,9,53.52871584736257
SAL-0412,2025-09-21,PROD-02,8,333.9148056031235
SAL-0413,2025-02-22,PROD-03,9,251.45304143468826
SAL-0414,2025-03-01,PROD-02,2,110.423682906024
SAL-0415,2025-04-18,PROD-01,6,481.0703544755467
SAL-0416,2025-01-05,PROD-03,4,288.34687577552893
SAL-0417,2025-04-13,PROD-04,4,158.85198235080014
SAL-0418,2025-07-15,PROD-04,5,275.2716070196184
SAL-0419,2025-09-19,PROD-05,3,355.8291497307985
SAL-0420,2025-12-31,PROD-02,1,84.30764808810402
SAL-0421,2025-12-16,PROD-03,8,173.6167167715514
SAL-0422,2025-02-16,PROD-05,5,413.13447089779714
SAL-0423,2025-12-21,PROD-03,3,256.84919168119757
SAL-0424,2025-11-07,PROD-02,7,295.9597139145327
SAL-0425,2025-11-04,PROD-04,7,244.76720099426117
SAL-0426,2025-05-24,PROD-01,1,69.75497418935231
SAL-0427,2025-09-26,PROD-04,9,124.58740091907016
SAL-0428,2025-05-04,PROD-05,2,250.4937374338509
SAL-0429,2025-04-16,PROD-01,5,144.1334594335675
SAL-0430,2025-06-07,PROD-05,5,72.49056289685544
SAL-0431,2025-05-27,PROD-02,8,429.6423488233207
SAL-0432,2025-05-25,PROD-01,8,491.53663812385213
SAL-0433,2025-04-30,PROD-05,7,406.91429329853275
SAL-0434,2025-11-15,PROD-02,7,434.2032147671002
SAL-0435,2025-10-02,PROD-04,6,158.88970864267043
SAL-0436,2025-04-02,PROD-02,6,482.28213898093986
SAL-0437,2025-02-27,PROD-03,9,138.6165670040428
SAL-0438,2025-12-12,PROD-02,6,478.1434146628245
SAL-0439,2025-08-17,PROD-02,2,497.66868228467797
SAL-0440,2025-04-27,PROD-03,2,370.2752625857219
SAL-0441,2025-11-14,PROD-05,5,491.51467930631986
SAL-0442,2025-10-06,PROD-05,4,306.29290080519667
SAL-0443,2025-05-07,PROD-02,2,166.79380242924066
SAL-0444,2025-05-09,PROD-03,3,246.6481485495294
SAL-0445,2025-02-27,PROD-03,7,317.10242092045365
SAL-0446,2025-05-02,PROD-04,8,82.88670291215675
SAL-0447,2025-01-01,PROD-05,6,330.05446907776076
SAL-0448,2025-08-27,PROD-01,5,491.53002654303253
SAL-0449,2025-10-17,PROD-05,1,135.54844240267744
SAL-0450,2025-04-06,PROD-05,8,406.6678023297725
SAL-0451,2025-05-06,PROD-04,3,458.5544572008287
SAL-0452,2025-04-28,PROD-01,6,474.6657167690994
SAL-0453,2025-02-17,PROD-04,3,482.0610219824512
SAL-0454,2025-03-30,PROD-01,7,284.6568374246624
SAL-0455,2025-08-25,PROD-02,7,489.78855859617664
SAL-0456,2025-09-29,PROD-01,9,390.7895932104975
SAL-0457,2025-07-08,PROD-04,5,122.75214630663285
SAL-0458,2025-07-11,PROD-05,8,264.6050479105865
SAL-0459,2025-03-10,PROD-01,8,373.2490289174018
SAL-0460,2025-10-05,PROD-01,1,161.30314211858752
SAL-0461,2025-12-15,PROD-03,5,338.2768325969993
SAL-0462,2025-09-04,PROD-05,3,349.97021557097867
SAL-0463,2025-03-17,PROD-02,1,123.21488471385464
SAL-0464,2025-06-03,PROD-04,4,304.28839060374037
SAL-0465,2025-05-24,PROD-02,8,397.23210994037345
SAL-0466,2025-03-27,PROD-05,3,274.5030490411739
SAL-0467,2025-07-04,PROD-01,2,55.44640254924834
SAL-0468,2025-10-12,PROD-01,9,54.06731108568148
SAL-0469,2025-08-08,PROD-05,5,210.66320478650547
SAL-0470,2025-03-10,PROD-01,7,466.7873307943019
SAL-0471,2025-02-16,PROD-01,2,152.90455082162396
SAL-0472,2025-04-04,PROD-01,9,335.46365999225924
SAL-0473,2025-08-26,PROD-04,9,149.93414181199427
SAL-0474,2025-07-23,PROD-04,4,194.75149534679687
SAL-0475,2025-08-06,PROD-03,4,431.6189403206678
SAL-0476,2025-12-07,PROD-02,6,377.9876490214761
SAL-0477,2025-02-08,PROD-05,6,92.92967479094477
SAL-0478,2025-04-10,PROD-05,1,242.91590944389512
SAL-0479,2025-10-16,PROD-05,9,63.12639364036901
SAL-0480,2025-09-11,PROD-03,2,266.400565971354
SAL-0481,2025-08-10,PROD-04,5,348.09530526548065
SAL-0482,2025-12-23,PROD-03,9,103.3261806191682
SAL-0483,2025-01-23,PROD-05,4,179.99822250912456
SAL-0484,2025-09-07,PROD-02,3,229.02648147597063
SAL-0485,2025-01-10,PROD-01,7,463.78896109522236
SAL-0486,2025-09-03,PROD-04,6,496.9647569403338
SAL-0487,2025-11-21,PROD-04,8,70.21008454802714
SAL-0488,2025-04-10,PROD-03,3,392.45356557292644
SAL-0489,2025-10-17,PROD-04,5,217.27582988105445
SAL-0490,2025-06-29,PROD-05,4,226.60618380326602
SAL-0491,2025-08-11,PROD-05,4,389.4192380061602
SAL-0492,2025-09-07,PROD-03,4,463.29189446543387
SAL-0493,2025-05-27,PROD-05,8,477.9178675261468
SAL-0494,2025-04-06,PROD-02,6,309.7051637172444
SAL-0495,2025-09-14,PROD-03,3,210.70452168522627
SAL-0496,2025-11-21,PROD-02,5,404.3970886364507
SAL-0497,2025-01-04,PROD-01,6,162.95062246803514
SAL-0498,2025-01-16,PROD-02,5,303.833312975083
SAL-0499,2025-10-07,PROD-01,6,211.36030768619293
SAL-0500,2025-12-02,PROD-01,8,345.4839831685442
SAL-0501,2025-09-04,PROD-02,7,158.17951080207808
SAL-0502,2025-09-15,PROD-03,5,136.21682558067158
SAL-0503,2025-06-09,PROD-05,6,463.2075890039467
SAL-0504,2025-12-06,PROD-05,4,95.81165732729161
SAL-0505,2025-06-01,PROD-01,9,277.68105848071923
SAL-0506,2025-06-27,PROD-01,4,149.383752333354
SAL-0507,2025-06-12,PROD-03,1,67.51848349655035
SAL-0508,2025-02-02,PROD-04,7,66.20846823114188
SAL-0509,2025-06-28,PROD-02,7,128.8497974476223
SAL-0510,2025-04-11,PROD-01,4,440.0466595277001
SAL-0511,2025-09-25,PROD-05,3,177.115434789662
SAL-0512,2025-11-19,PROD-03,8,477.7066267588831
SAL-0513,2025-03-06,PROD-02,5,311.7300318451371
SAL-0514,2025-06-17,PROD-03,7,246.47638539594473
SAL-0515,2025-11-26,PROD-02,4,311.0399756012546
SAL-0516,2025-02-12,PROD-02,4,282.5142733518205
SAL-0517,2025-02-13,PROD-01,8,391.4493141907963
SAL-0518,2025-10-12,PROD-03,8,177.12322968778352
SAL-0519,2025-01-12,PROD-03,2,208.87267622013607
SAL-0520,2025-04-05,PROD-05,2,452.34243613996284
SAL-0521,2025-10-29,PROD-05,3,475.90543091768245
SAL-0522,2025-09-10,PROD-01,3,451.6512023689135
SAL-0523,2025-08-30,PROD-01,1,238.75159728079112
SAL-0524,2025-02-04,PROD-04,3,401.16447635309675
SAL-0525,2025-08-03,PROD-05,6,264.3510799854945
SAL-0526,2025-12-03,PROD-02,8,273.89293346574595
SAL-0527,2025-03-31,PROD-03,6,142.10604907577778
SAL-0528,2025-09-21,PROD-01,5,316.0086364663324
SAL-0529,2025-04-03,PROD-03,4,133.76115398900657
SAL-0530,2025-03-31,PROD-03,3,199.2041145802372
SAL-0531,2025-04-25,PROD-04,4,434.7635907289708
SAL-0532,2025-04-15,PROD-05,7,143.18411414488486
SAL-0533,2025-07-15,PROD-01,1,82.02122832804477
SAL-0534,2025-11-10,PROD-03,7,81.05341667576734
SAL-0535,2025-04-24,PROD-01,1,473.35303422639856
SAL-0536,2025-03-16,PROD-02,2,278.11419708282557
SAL-0537,2025-08-05,PROD-04,4,234.23543231765825
SAL-0538,2025-10-04,PROD-02,1,414.8953614535633
SAL-0539,2025-09-06,PROD-01,9,426.1216675597322
SAL-0540,2025-06-13,PROD-01,6,199.48596490202206
SAL-0541,2025-12-23,PROD-05,1,362.12812586320786
SAL-0542,2025-07-11,PROD-03,1,397.005267133349
SAL-0543,2025-08-15,PROD-03,6,344.5928090896795
SAL-0544,2025-06-26,PROD-02,4,118.21778366004472
SAL-0545,2025-04-09,PROD-04,4,444.14738758267566
SAL-0546,2025-02-05,PROD-03,6,292.5925487312039
SAL-0547,2025-04-06,PROD-05,7,177.11259186650165
SAL-0548,2025-06-01,PROD-02,9,241.35268344696226
SAL-0549,2025-05-31,PROD-02,5,66.90699067950833
SAL-0550,2025-07-09,PROD-05,9,107.5400605500879
SAL-0551,2025-08-12,PROD-04,4,394.4960377321374
SAL-0552,2025-02-06,PROD-05,2,50.005235639914765
SAL-0553,2025-09-25,PROD-04,3,237.4546228170315
SAL-0554,2025-07-02,PROD-05,1,285.12958148851476
SAL-0555,2025-01-13,PROD-05,6,74.58548900043753
SAL-0556,2025-10-06,PROD-01,6,487.88517333754976
SAL-0557,2025-08-05,PROD-02,1,151.7563990623524
SAL-0558,2025-12-21,PROD-05,3,186.8894238363264
SAL-0559,2025-12-27,PROD-05,5,186.7741305147623
SAL-0560,2025-10-13,PROD-03,3,153.68749795280746
SAL-0561,2025-09-30,PROD-02,3,50.663219938840136
SAL-0562,2025-03-03,PROD-03,3,378.2051573395984
SAL-0563,2025-03-25,PROD-02,5,485.0804749096784
SAL-0564,2025-08-05,PROD-03,5,150.93206747827026
SAL-0565,2025-12-08,PROD-05,4,348.3712363115401
SAL-0566,2025-07-06,PROD-05,1,383.8533471314218
SAL-0567,2025-01-19,PROD-01,5,431.79142059073615
SAL-0568,2025-06-26,PROD-03,5,240.1831386561241
SAL-0569,2025-04-10,PROD-04,4,186.31890753819314
SAL-0570,2025-08-21,PROD-01,6,196.382810310364
SAL-0571,2025-03-17,PROD-03,4,370.67959989433075
SAL-0572,2025-09-22,PROD-03,7,417.5507599275362
SAL-0573,2025-10-11,PROD-01,7,131.72628549047118
SAL-0574,2025-07-25,PROD-05,2,216.92345367099435
SAL-0575,2025-08-11,PROD-03,3,455.8730885371175
SAL-0576,2025-02-21,PROD-05,1,413.01208386263266
SAL-0577,2025-12-05,PROD-01,8,493.18628124311414
SAL-0578,2025-05-24,PROD-05,9,389.4117168569363
SAL-0579,2025-03-10,PROD-02,4,226.93784046256502
SAL-0580,2025-04-09,PROD-04,6,315.787025297587
SAL-0581,2025-01-25,PROD-03,9,347.45641441129413
SAL-0582,2025-02-22,PROD-04,6,85.30511734270578
SAL-0583,2025-05-31,PROD-05,9,295.0236315967393
SAL-0584,2025-05-24,PROD-03,4,369.1943728126743
SAL-0585,2025-02-26,PROD-05,8,125.29458680047718
SAL-0586,2025-02-08,PROD-02,9,401.2842728415007
SAL-0587,2025-04-19,PROD-01,4,312.69775123135025
SAL-0588,2025-06-30,PROD-03,5,478.49980356391757
SAL-0589,2025-02-11,PROD-02,8,69.09003419310126
SAL-0590,2025-07-05,PROD-02,6,169.39676189996015
SAL-0591,2025-08-11,PROD-03,7,320.6992456849208
SAL-0592,2025-05-02,PROD-05,3,183.4519604926688
SAL-0593,2025-05-13,PROD-02,7,371.490873832059
SAL-0594,2025-06-12,PROD-04,8,391.55237713486895
SAL-0595,2025-08-03,PROD-02,6,96.1321838299135
SAL-0596,2025-08-09,PROD-05,9,281.2345088930455
SAL-0597,2025-08-23,PROD-05,6,279.00075001597514
SAL-0598,2025-11-27,PROD-04,9,216.17634659699348
SAL-0599,2025-05-26,PROD-02,4,469.81618815635244
SAL-0600,2025-08-27,PROD-05,8,422.37784394294954
SAL-0601,2025-03-17,PROD-03,4,363.74422185933656
SAL-0602,2025-01-09,PROD-01,2,371.4469860807489
SAL-0603,2025-03-15,PROD-01,9,257.7722647159036
SAL-0604,2025-09-10,PROD-01,5,464.44753449345916
SAL-0605,2025-08-18,PROD-02,4,362.5679422639784
SAL-0606,2025-01-07,PROD-04,2,378.0414777451174
SAL-0607,2025-06-23,PROD-05,1,437.76090670430534
SAL-0608,2025-05-21,PROD-03,7,173.33221520398595
SAL-0609,2025-06-17,PROD-03,6,413.18190674001636
SAL-0610,2025-06-19,PROD-02,2,137.85827133042142
SAL-0611,2025-10-10,PROD-01,8,205.40387851019952
SAL-0612,2025-05-02,PROD-02,4,201.02470442142922
SAL-0613,2025-07-13,PROD-04,8,490.33646077511327
SAL-0614,2025-01-05,PROD-04,7,435.4417506865671
SAL-0615,2025-01-29,PROD-05,5,365.5264377156169
SAL-0616,2025-06-14,PROD-05,8,377.1755427269255
SAL-0617,2025-12-05,PROD-04,9,302.93275748115695
SAL-0618,2025-05-16,PROD-04,5,476.1908001988336
SAL-0619,2025-12-31,PROD-04,5,273.3164387970627
SAL-0620,2025-11-17,PROD-02,2,221.23296944145252
SAL-0621,2025-12-08,PROD-04,5,123.36590161921595
SAL-0622,2025-05-25,PROD-03,3,403.7925435174761
SAL-0623,2025-11-23,PROD-01,7,380.4997694340162
SAL-0624,2025-08-05,PROD-04,5,222.9597673358607
SAL-0625,2025-10-28,PROD-01,8,61.33703628165321
SAL-0626,2025-05-12,PROD-02,1,427.5487974731048
SAL-0627,2025-10-19,PROD-01,3,55.138092554333134
SAL-0628,2025-03-11,PROD-02,3,366.6649008330729
SAL-0629,2025-09-09,PROD-03,9,486.6156993767257
SAL-0630,2025-10-02,PROD-02,5,246.94759766669156
SAL-0631,2025-12-30,PROD-02,9,155.73803224817874
SAL-0632,2025-07-01,PROD-05,9,367.19195451952174
SAL-0633,2025-06-16,PROD-04,1,417.70766390701334
SAL-0634,2025-04-01,PROD-04,2,295.8936422350313
SAL-0635,2025-07-21,PROD-03,5,485.1658738652658
SAL-0636,2025-12-12,PROD-03,4,73.25092474608249
SAL-0637,2025-01-19,PROD-04,9,277.15801923703765
SAL-0638,2025-02-08,PROD-05,7,373.30427629514753
SAL-0639,2025-05-06,PROD-04,6,438.1882120171305
SAL-0640,2025-06-22,PROD-05,7,130.66502535850552
SAL-0641,2025-05-21,PROD-03,1,410.00156679365665
SAL-0642,2025-08-30,PROD-01,1,298.71818407334536
SAL-0643,2025-08-08,PROD-03,8,228.44915689548344
SAL-0644,2025-05-06,PROD-03,2,109.2717628605921
SAL-0645,2025-02-27,PROD-02,9,439.38309150901057
SAL-0646,2025-05-28,PROD-02,7,120.7729436808719
SAL-0647,2025-11-13,PROD-02,6,189.40453664409466
SAL-0648,2025-12-27,PROD-02,1,180.5204893830966
SAL-0649,2025-01-01,PROD-05,1,442.1363153858844
SAL-0650,2025-12-14,PROD-04,2,352.7163473940041
SAL-0651,2025-07-09,PROD-01,6,408.50662873611753
SAL-0652,2025-07-10,PROD-03,6,162.71055445662455
SAL-0653,2025-11-08,PROD-05,2,331.1933448231495
SAL-0654,2025-04-27,PROD-01,1,307.28569241468693
SAL-0655,2025-05-14,PROD-05,5,424.773669554722
SAL-0656,2025-02-27,PROD-05,5,457.7391772165672
SAL-0657,2025-02-13,PROD-03,2,55.47054716482406
SAL-0658,2025-06-22,PROD-04,6,353.3089635764567
SAL-0659,2025-06-09,PROD-02,9,73.32610960387805
SAL-0660,2025-06-22,PROD-04,2,296.9863992848102
SAL-0661,2025-11-13,PROD-03,2,179.4347280696552
SAL-0662,2025-10-30,PROD-03,3,188.04946978496355
SAL-0663,2025-05-29,PROD-03,7,208.83132655356047
SAL-0664,2025-03-21,PROD-01,6,329.58160207232453
SAL-0665,2025-08-01,PROD-04,8,200.32248455094614
SAL-0666,2025-07-22,PROD-04,8,379.7145727656262
SAL-0667,2025-09-09,PROD-05,6,232.03732350824137
SAL-0668,2025-08-17,PROD-05,3,80.75894013948138
SAL-0669,2025-06-13,PROD-05,3,402.69192911784825
SAL-0670,2025-08-15,PROD-03,1,178.5912460667177
SAL-0671,2025-05-27,PROD-04,7,244.7450958196682
SAL-0672,2025-01-20,PROD-03,5,358.4497474498557
SAL-0673,2025-02-16,PROD-01,4,199.60527071692042
SAL-0674,2025-08-21,PROD-05,4,75.46354526602204
SAL-0675,2025-11-01,PROD-03,4,218.2644711557661
SAL-0676,2025-01-14,PROD-03,6,475.00186221243655
SAL-0677,2025-05-23,PROD-01,8,338.7804787843512
SAL-0678,2025-01-01,PROD-02,8,352.1656169002431
SAL-0679,2025-02-23,PROD-04,5,334.5269691369379
SAL-0680,2025-09-16,PROD-02,6,139.54646253174656
SAL-0681,2025-05-24,PROD-05,4,238.25023884602606
SAL-0682,2025-01-12,PROD-03,9,387.92290926349324
SAL-0683,2025-11-26,PROD-01,8,95.61780389892161
SAL-0684,2025-08-12,PROD-01,1,175.03374924037053
SAL-0685,2025-09-29,PROD-04,2,174.34359880963413
SAL-0686,2025-12-24,PROD-02,9,244.4085174175277
SAL-0687,2025-06-05,PROD-04,8,491.1659334239833
SAL-0688,2025-01-08,PROD-03,3,80.37614600771988
SAL-0689,2025-05-02,PROD-04,8,283.4154474712677
SAL-0690,2025-12-14,PROD-01,1,130.7141069054947
SAL-0691,2025-06-13,PROD-01,4,486.80444543438483
SAL-0692,2025-03-31,PROD-05,3,100.98657712735888
SAL-0693,2025-05-16,PROD-05,6,231.62045106271606
SAL-0694,2025-07-05,PROD-03,7,382.0482431755728
SAL-0695,2025-11-12,PROD-02,4,367.0494926123504
SAL-0696,2025-06-27,PROD-04,7,240.2278866022695
SAL-0697,2025-01-28,PROD-03,9,205.9358755787232
SAL-0698,2025-08-08,PROD-05,2,228.92557034879175
SAL-0699,2025-12-23,PROD-04,3,168.92431842138768
SAL-0700,2025-02-10,PROD-05,5,142.3998224180599
SAL-0701,2025-08-16,PROD-04,3,267.3678639015005
SAL-0702,2025-07-11,PROD-02,8,170.84019023042327
SAL-0703,2025-05-25,PROD-03,8,179.35774920376255
SAL-0704,2025-07-20,PROD-04,8,345.54022856355067
SAL-0705,2025-07-31,PROD-01,9,485.8417992649515
SAL-0706,2025-08-08,PROD-01,4,321.6367402517188
SAL-0707,2025-08-28,PROD-04,5,84.64076017923483
SAL-0708,2025-02-15,PROD-04,5,84.01262623433014
SAL-0709,2025-02-04,PROD-04,8,478.14044938050466
SAL-0710,2025-09-10,PROD-01,7,183.78085563830012
SAL-0711,2025-03-23,PROD-01,9,91.43014373711395
SAL-0712,2025-09-13,PROD-04,8,319.5700642176717
SAL-0713,2025-07-16,PROD-05,2,330.6419502306197
SAL-0714,2025-10-30,PROD-05,4,341.82716905340965
SAL-0715,2025-01-10,PROD-02,6,170.3309125358936
SAL-0716,2025-11-08,PROD-03,2,56.79980789651377
SAL-0717,2025-10-13,PROD-05,7,484.25691625451236
SAL-0718,2025-08-30,PROD-01,3,162.90187056099612
SAL-0719,2025-09-08,PROD-05,3,354.2118296236464
SAL-0720,2025-12-31,PROD-02,2,367.9834414454193
SAL-0721,2025-01-05,PROD-02,8,324.50333768576854
SAL-0722,2025-04-29,PROD-03,6,190.8083273961417
SAL-0723,2025-10-16,PROD-05,1,171.99331419382958
SAL-0724,2025-03-06,PROD-01,1,318.9507272162164
SAL-0725,2025-05-26,PROD-01,7,439.7430351252612
SAL-0726,2025-08-12,PROD-04,8,476.030178015528
SAL-0727,2025-08-27,PROD-01,5,97.65761198169093
SAL-0728,2025-06-26,PROD-03,5,119.67287566897393
SAL-0729,2025-09-24,PROD-03,4,475.1313164523858
SAL-0730,2025-12-07,PROD-01,6,381.44085275065663
SAL-0731,2025-10-09,PROD-01,6,447.3472211733979
SAL-0732,2025-03-04,PROD-04,3,141.18468536090444
SAL-0733,2025-08-05,PROD-01,9,314.41364199923083
SAL-0734,2025-12-08,PROD-04,7,365.5128174878631
SAL-0735,2025-11-11,PROD-04,1,356.05034845113767
SAL-0736,2025-10-10,PROD-01,7,233.66826089001415
SAL-0737,2025-06-26,PROD-02,5,56.927701261088814
SAL-0738,2025-04-08,PROD-02,5,312.3167255619184
SAL-0739,2025-04-15,PROD-04,2,163.89569263082393
SAL-0740,2025-04-09,PROD-01,4,252.61441076430066
SAL-0741,2025-11-07,PROD-02,6,480.9114567877178
SAL-0742,2025-01-06,PROD-01,7,229.56589293909562
SAL-0743,2025-07-16,PROD-01,5,427.910722998992
SAL-0744,2025-12-17,PROD-01,9,134.84327258716303
SAL-0745,2025-05-13,PROD-05,3,352.60722411126295
SAL-0746,2025-12-24,PROD-01,1,489.65312949752456
SAL-0747,2025-09-16,PROD-05,4,95.85189539282155
SAL-0748,2025-01-23,PROD-04,9,53.743974002236406
SAL-0749,2025-02-22,PROD-02,4,245.11225668467645
SAL-0750,2025-06-14,PROD-02,2,91.68146737311524
SAL-0751,2025-07-21,PROD-02,5,386.7729573543041
SAL-0752,2025-03-24,PROD-02,3,461.5468987318515
SAL-0753,2025-05-25,PROD-02,9,245.30943771894147
SAL-0754,2025-03-26,PROD-02,4,166.42023896994843
SAL-0755,2025-03-19,PROD-02,6,245.4814935529744
SAL-0756,2025-01-01,PROD-04,2,375.55151803250044
SAL-0757,2025-02-20,PROD-01,6,54.074372711166944
SAL-0758,2025-06-22,PROD-03,3,315.2542952681137
SAL-0759,2025-07-24,PROD-05,9,325.98125819932056
SAL-0760,2025-09-17,PROD-03,2,336.959711103171
SAL-0761,2025-10-15,PROD-03,9,158.90993599139475
SAL-0762,2025-02-03,PROD-01,5,371.32372552015704
SAL-0763,2025-12-14,PROD-01,8,91.12616884929938
SAL-0764,2025-04-05,PROD-01,2,139.67165141006035
SAL-0765,2025-03-13,PROD-02,6,444.86152099451687
SAL-0766,2025-02-08,PROD-04,3,382.42541782695486
SAL-0767,2025-06-03,PROD-02,5,56.18549930510537
SAL-0768,2025-09-07,PROD-04,8,161.76931716641008
SAL-0769,2025-06-11,PROD-04,1,146.48291734692407
SAL-0770,2025-04-28,PROD-03,5,171.86284761663768
SAL-0771,2025-09-16,PROD-03,3,161.4018966259489
SAL-0772,2025-11-02,PROD-04,4,78.13683308428058
SAL-0773,2025-09-25,PROD-04,2,256.5232324685692
SAL-0774,2025-02-23,PROD-02,9,379.7300636537743
SAL-0775,2025-08-24,PROD-02,3,323.0292761228464
SAL-0776,2025-08-10,PROD-03,2,352.7922508691359
SAL-0777,2025-09-08,PROD-01,9,86.51713034130762
SAL-0778,2025-11-09,PROD-04,7,478.17081957955423
SAL-0779,2025-04-22,PROD-02,6,427.32132522936115
SAL-0780,2025-09-12,PROD-03,1,412.29064332304824
SAL-0781,2025-10-30,PROD-02,5,420.34271226879537
SAL-0782,2025-07-26,PROD-04,3,469.7197286597426
SAL-0783,2025-08-17,PROD-04,1,294.91428475116396
SAL-0784,2025-12-07,PROD-05,4,140.12690804043166
SAL-0785,2025-03-07,PROD-01,2,327.5526235336435
SAL-0786,2025-03-16,PROD-05,2,384.29667215057253
SAL-0787,2025-04-13,PROD-03,3,382.06282700931143
SAL-0788,2025-07-11,PROD-02,8,284.652060875096
SAL-0789,2025-09-09,PROD-03,8,80.80642370011012
SAL-0790,2025-08-14,PROD-04,7,217.00082229355752
SAL-0791,2025-10-21,PROD-05,6,464.3449738085108
SAL-0792,2025-11-02,PROD-05,9,313.0020093908417
SAL-0793,2025-04-08,PROD-05,4,292.249374465071
SAL-0794,2025-12-04,PROD-03,1,170.98408147198708
SAL-0795,2025-10-13,PROD-04,8,215.8020139624605
SAL-0796,2025-12-01,PROD-02,7,452.9057401189262
SAL-0797,2025-12-13,PROD-02,7,349.90837138707604
SAL-0798,2025-11-04,PROD-03,3,404.3241620385498
SAL-0799,2025-09-06,PROD-05,4,254.4554403804448
SAL-0800,2025-06-15,PROD-01,9,333.61124875527105
SAL-0801,2025-12-01,PROD-03,6,161.7726239344434
SAL-0802,2025-01-30,PROD-03,5,367.4573736275688
SAL-0803,2025-09-04,PROD-04,3,242.4206001665018
SAL-0804,2025-04-16,PROD-02,9,249.1454816666355
SAL-0805,2025-02-20,PROD-03,5,342.19504605959673
SAL-0806,2025-03-22,PROD-03,5,471.326279661017
SAL-0807,2025-05-13,PROD-05,4,78.80285597387942
SAL-0808,2025-10-12,PROD-05,4,421.1344568061534
SAL-0809,2025-05-18,PROD-01,1,181.57239968548691
SAL-0810,2025-07-03,PROD-04,7,249.76375452787002
SAL-0811,2025-11-26,PROD-01,9,59.86099794875403
SAL-0812,2025-09-30,PROD-05,3,185.47073502544086
SAL-0813,2025-12-06,PROD-02,2,276.1840591835587
SAL-0814,2025-03-10,PROD-05,3,75.27923480634756
SAL-0815,2025-02-03,PROD-04,1,270.9930782224243
SAL-0816,2025-09-19,PROD-05,6,467.1997829862923
SAL-0817,2025-02-22,PROD-04,7,97.42694814851235
SAL-0818,2025-07-24,PROD-04,2,393.99832763397694
SAL-0819,2025-05-06,PROD-04,8,234.3519740191967
SAL-0820,2025-08-23,PROD-04,6,344.8281715359521
SAL-0821,2025-02-12,PROD-04,4,167.1064690933532
SAL-0822,2025-08-28,PROD-02,5,121.77151814361123
SAL-0823,2025-04-21,PROD-01,8,122.20817642205189
SAL-0824,2025-09-06,PROD-03,3,81.72137553941509
SAL-0825,2025-05-31,PROD-01,3,133.54101720555934
SAL-0826,2025-07-02,PROD-04,4,348.89872324503574
SAL-0827,2025-12-02,PROD-02,1,446.7607753295786
SAL-0828,2025-04-05,PROD-05,9,416.3565585160228
SAL-0829,2025-01-08,PROD-02,8,358.31043944351785
SAL-0830,2025-12-26,PROD-04,8,99.6943385349962
SAL-0831,2025-07-03,PROD-02,6,180.13435083317742
SAL-0832,2025-10-08,PROD-02,7,189.41309389511105
SAL-0833,2025-07-14,PROD-04,6,162.48062587892957
SAL-0834,2025-12-18,PROD-02,9,281.7525468693754
SAL-0835,2025-07-14,PROD-03,3,290.9992166958526
SAL-0836,2025-06-04,PROD-03,3,210.5986888269996
SAL-0837,2025-04-03,PROD-02,3,209.2051214313962
SAL-0838,2025-06-09,PROD-05,3,422.85001905773663
SAL-0839,2025-03-02,PROD-04,9,405.1817817438585
SAL-0840,2025-05-02,PROD-03,4,188.50812425633555
SAL-0841,2025-02-20,PROD-05,7,461.2047997429667
SAL-0842,2025-10-04,PROD-02,9,478.7667576511277
SAL-0843,2025-01-05,PROD-05,7,197.03414391351836
SAL-0844,2025-04-02,PROD-01,9,209.4912269568747
SAL-0845,2025-06-19,PROD-03,3,277.5353690398815
SAL-0846,2025-11-13,PROD-02,4,473.5043656401531
SAL-0847,2025-01-22,PROD-04,8,444.3437449140402
SAL-0848,2025-11-22,PROD-02,6,96.15558316261541
SAL-0849,2025-01-01,PROD-04,5,226.7288344721373
SAL-0850,2025-05-13,PROD-02,4,299.0170353873973
SAL-0851,2025-08-21,PROD-05,8,276.40961264819305
SAL-0852,2025-01-12,PROD-05,1,137.2383805716017
SAL-0853,2025-12-12,PROD-05,9,436.4675470256696
SAL-0854,2025-02-15,PROD-01,1,354.6233523485768
SAL-0855,2025-02-03,PROD-04,8,427.0587686833116
SAL-0856,2025-03-19,PROD-05,4,436.4439257072625
SAL-0857,2025-08-06,PROD-01,9,386.7601341495829
SAL-0858,2025-10-28,PROD-04,5,247.6447705623728
SAL-0859,2025-03-14,PROD-02,3,324.74603975694106
SAL-0860,2025-10-09,PROD-01,9,122.16443275388441
SAL-0861,2025-09-06,PROD-03,9,353.1404378637085
SAL-0862,2025-02-16,PROD-01,4,130.66396508267633
SAL-0863,2025-05-01,PROD-01,4,362.27731572957055
SAL-0864,2025-08-02,PROD-04,8,153.3191723392859
SAL-0865,2025-08-27,PROD-02,2,102.89808506759898
SAL-0866,2025-02-25,PROD-03,9,124.37802056433084
SAL-0867,2025-12-16,PROD-05,6,50.89646084858162
SAL-0868,2025-04-17,PROD-05,9,373.43282803408863
SAL-0869,2025-11-15,PROD-01,8,379.5804720762706
SAL-0870,2025-02-17,PROD-04,7,281.7200074609667
SAL-0871,2025-03-02,PROD-04,1,122.61326047492267
SAL-0872,2025-12-03,PROD-05,3,87.59945187981039
SAL-0873,2025-01-26,PROD-03,2,58.60803489677915
SAL-0874,2025-10-19,PROD-02,5,124.58667963434932
SAL-0875,2025-09-14,PROD-03,5,450.88499074241605
SAL-0876,2025-01-08,PROD-02,5,158.6915787657568
SAL-0877,2025-04-23,PROD-05,4,209.42209724774705
SAL-0878,2025-12-21,PROD-02,5,97.40546801659994
SAL-0879,2025-09-10,PROD-04,3,150.06258713667663
SAL-0880,2025-06-29,PROD-01,1,283.65105685109233
SAL-0881,2025-07-26,PROD-01,5,323.4887073930436
SAL-0882,2025-10-30,PROD-05,9,160.408541374795
SAL-0883,2025-05-07,PROD-04,9,75.97947165130275
SAL-0884,2025-02-25,PROD-03,4,225.9647911073294
SAL-0885,2025-08-02,PROD-04,3,155.39151691685038
SAL-0886,2025-01-14,PROD-01,1,148.79926545341087
SAL-0887,2025-01-28,PROD-01,2,481.93826122105486
SAL-0888,2025-03-19,PROD-04,8,327.3352186665758
SAL-0889,2025-08-04,PROD-04,1,300.59529942744314
SAL-0890,2025-12-31,PROD-01,8,237.09879658549485
SAL-0891,2025-06-03,PROD-03,7,243.02495004356493
SAL-0892,2025-01-14,PROD-05,8,293.4072517271364
SAL-0893,2025-07-06,PROD-05,6,363.39341316624825
SAL-0894,2025-11-08,PROD-04,9,365.9657432818232
SAL-0895,2025-01-07,PROD-05,3,127.2622584674523
SAL-0896,2025-01-03,PROD-01,4,275.0507384344821
SAL-0897,2025-04-21,PROD-01,6,235.38114276534588
SAL-0898,2025-08-26,PROD-04,8,441.73713482122287
SAL-0899,2025-12-29,PROD-04,5,334.13851454826937
SAL-0900,2025-08-27,PROD-04,3,289.6268298871918
SAL-0901,2025-10-01,PROD-03,6,101.92758898051281
SAL-0902,2025-10-21,PROD-05,4,322.53705019553513
SAL-0903,2025-08-15,PROD-04,9,102.74175755610504
SAL-0904,2025-01-15,PROD-02,3,201.74295900458844
SAL-0905,2025-07-11,PROD-02,4,114.27888416644934
SAL-0906,2025-04-29,PROD-01,7,361.433141160966
SAL-0907,2025-01-28,PROD-05,7,142.81345122626868
SAL-0908,2025-07-21,PROD-04,4,226.3367179346117
SAL-0909,2025-02-08,PROD-02,6,453.0536499284504
SAL-0910,2025-09-30,PROD-05,3,141.9423725295366
SAL-0911,2025-08-19,PROD-01,6,278.5122787814506
SAL-0912,2025-03-27,PROD-03,2,238.6722475247099
SAL-0913,2025-05-06,PROD-05,8,58.15581847057838
SAL-0914,2025-10-27,PROD-05,2,406.74115110776575
SAL-0915,2025-01-25,PROD-03,7,81.07065784156987
SAL-0916,2025-05-25,PROD-05,9,263.4147594396291
SAL-0917,2025-01-13,PROD-01,1,302.3052327225275
SAL-0918,2025-07-31,PROD-01,8,332.7919054765642
SAL-0919,2025-01-25,PROD-03,7,359.884233188544
SAL-0920,2025-03-09,PROD-04,6,163.97257258522177
SAL-0921,2025-03-08,PROD-02,6,54.49044949630222
SAL-0922,2025-08-21,PROD-04,6,375.54964805971036
SAL-0923,2025-04-19,PROD-05,9,291.04546970641036
SAL-0924,2025-05-26,PROD-02,2,426.2529664432619
SAL-0925,2025-04-21,PROD-03,1,419.6247633053124
SAL-0926,2025-08-16,PROD-03,6,429.49677550454743
SAL-0927,2025-04-21,PROD-02,8,268.2925969907931
SAL-0928,2025-02-03,PROD-01,3,200.13277812658956
SAL-0929,2025-04-21,PROD-02,1,406.2011911661165
SAL-0930,2025-09-21,PROD-05,9,253.08235086316472
SAL-0931,2025-08-24,PROD-01,1,132.54898838154554
SAL-0932,2025-03-24,PROD-03,3,434.7383088026634
SAL-0933,2025-02-11,PROD-02,8,447.15194454755624
SAL-0934,2025-04-11,PROD-04,3,259.83939026307655
SAL-0935,2025-01-06,PROD-04,4,84.06487728940436
SAL-0936,2025-06-29,PROD-05,8,224.52174046261905
SAL-0937,2025-10-09,PROD-04,1,411.5919467581715
SAL-0938,2025-11-16,PROD-02,6,455.7983128458029
SAL-0939,2025-08-14,PROD-02,1,141.56273412391812
SAL-0940,2025-11-11,PROD-04,1,80.13812541137219
SAL-0941,2025-12-31,PROD-02,8,444.8077039097774
SAL-0942,2025-08-17,PROD-05,4,225.2322225404939
SAL-0943,2025-10-16,PROD-01,1,293.7924339204035
SAL-0944,2025-05-30,PROD-05,7,485.62961542284154
SAL-0945,2025-10-04,PROD-05,5,79.95412756140028
SAL-0946,2025-07-17,PROD-02,5,341.743103353443
SAL-0947,2025-03-11,PROD-01,1,83.34744015869018
SAL-0948,2025-04-22,PROD-02,6,218.96101780992518
SAL-0949,2025-01-04,PROD-03,9,411.71654533705106
SAL-0950,2025-12-16,PROD-02,9,245.06250474003548
SAL-0951,2025-11-27,PROD-02,8,498.73205925632766
SAL-0952,2025-11-14,PROD-02,5,301.57667822597097
SAL-0953,2025-12-16,PROD-01,1,194.52296868617907
SAL-0954,2025-04-05,PROD-02,9,149.0500966571389
SAL-0955,2025-06-01,PROD-01,1,207.7342404287728
SAL-0956,2025-11-07,PROD-04,8,217.63997319179788
SAL-0957,2025-05-17,PROD-03,5,80.92115497578244
SAL-0958,2025-09-04,PROD-01,3,216.30838974204792
SAL-0959,2025-08-31,PROD-04,7,258.9073338826512
SAL-0960,2025-01-31,PROD-01,7,375.2319885074621
SAL-0961,2025-02-09,PROD-01,9,345.5282681247236
SAL-0962,2025-08-17,PROD-03,7,368.9445448531194
SAL-0963,2025-02-05,PROD-05,3,53.7636568445857
SAL-0964,2025-08-11,PROD-05,1,147.9503298112412
SAL-0965,2025-01-06,PROD-01,8,347.7579297799354
SAL-0966,2025-11-18,PROD-02,3,267.7952156808862
SAL-0967,2025-08-08,PROD-04,8,52.39106405075567
SAL-0968,2025-03-16,PROD-02,8,412.02258909432004
SAL-0969,2025-01-04,PROD-02,5,397.76430798065184
SAL-0970,2025-12-01,PROD-01,1,296.7886233471032
SAL-0971,2025-05-14,PROD-01,7,79.90849659932246
SAL-0972,2025-04-28,PROD-01,5,394.9317722896631
SAL-0973,2025-04-04,PROD-01,8,312.6711144791138
SAL-0974,2025-03-03,PROD-05,9,401.88198972108165
SAL-0975,2025-07-13,PROD-01,7,388.2861465781282
SAL-0976,2025-12-01,PROD-05,7,411.3509323810267
SAL-0977,2025-07-22,PROD-05,1,283.1036298820812
SAL-0978,2025-01-26,PROD-01,4,113.14603318708174
SAL-0979,2025-06-22,PROD-03,2,352.0208630208599
SAL-0980,2025-10-27,PROD-04,2,329.21320327338674
SAL-0981,2025-05-13,PROD-02,2,384.0139342395892
SAL-0982,2025-11-22,PROD-05,4,126.44645272283088
SAL-0983,2025-04-28,PROD-04,1,137.73883995513015
SAL-0984,2025-11-20,PROD-03,4,450.6842827486978
SAL-0985,2025-10-02,PROD-02,2,387.49000930343186
SAL-0986,2025-07-31,PROD-02,5,458.7028199151453
SAL-0987,2025-08-13,PROD-05,3,391.4218945237643
SAL-0988,2025-01-20,PROD-01,8,318.71988769563586
SAL-0989,2025-04-23,PROD-03,4,344.35973166254314
SAL-0990,2025-05-20,PROD-05,1,450.10756577300447
SAL-0991,2025-02-16,PROD-03,1,310.46303953037324
SAL-0992,2025-01-01,PROD-01,3,334.5760959477743
SAL-0993,2025-03-31,PROD-01,9,120.41452220162026
SAL-0994,2025-05-22,PROD-05,7,263.26454905224625
SAL-0995,2025-11-16,PROD-01,2,372.37870038114454
SAL-0996,2025-02-07,PROD-04,9,171.92421424236443
SAL-0997,2025-10-20,PROD-02,2,141.01438123604072
SAL-0998,2025-05-19,PROD-05,3,191.222063700987
SAL-0999,2025-12-22,PROD-03,2,158.67528259677505
SAL-1000,2025-11-29,PROD-04,3,146.71068666637814
